{
    "max_lookback_years": 5,
    "annual_risk_free_rate": 0.008,
    "max_position_size": 0.35,
    "min_position_size": 0.0,
    "price_data": "yahoo",
    "views": {"ADSK": [0.035650751686245576, 0.05476400000000001, 0.07387724831375445],
              "AEP": [0.009647709826420018, 0.021103999999999998, 0.032560290173579975],
              "FISV": [0.024390081086737975, 0.035486000000000004, 0.046581918913262035],
              "HON": [0.03454093824841177, 0.04589, 0.05723906175158823],
              "ISRG": [0.02887054445433159, 0.046502, 0.0641334555456684],
              "MU": [0.01694041049198962, 0.046196, 0.07545158950801038],
              "PEP": [0.019909826066278696, 0.028754000000000002, 0.03759817393372131],
              "TXN": [0.024914264949554017, 0.039464, 0.05401373505044598]}

}

