,Kelly,Max Quad Util,Max Sharpe,CLA Max Sharpe,Min Vol,CLA Min Vol
ADSK,0.125,0.0,0.0,0.0,0.0,0.0
AEP,0.125,0.0,0.03918,0.05925,0.19322,0.19322
FISV,0.125,0.0,0.00893,0.0,0.01668,0.01668
HON,0.125,0.3,0.35,0.35,0.1951,0.1951
ISRG,0.125,0.0,0.0,0.0,0.17194,0.17194
MU,0.125,0.35,0.02602,0.0094,0.0,0.0
PEP,0.125,0.0,0.22587,0.23135,0.35,0.35
TXN,0.125,0.35,0.35,0.35,0.07305,0.07305
